<?xml version="1.0" encoding="UTF-8"?>
<!DOCTYPE platform PUBLIC "-//NetBeans//DTD Java PlatformDefinition 1.0//EN" "http://www.netbeans.org/dtds/java-platformdefinition-1_0.dtd">
<platform default="no" name="JDK 1.8">
    <jdkhome>
        <resource>file:/Users/jev/bin/jdk/</resource>
    </jdkhome>
    <properties>
        <property name="platform.ant.name" value="JDK_1.8"/>
    </properties>
    <sysproperties>
        <property name="awt.toolkit" value="sun.lwawt.macosx.LWCToolkit"/>
        <property name="file.encoding" value="UTF-8"/>
        <property name="file.encoding.pkg" value="sun.io"/>
        <property name="file.separator" value="/"/>
        <property name="ftp.nonProxyHosts" value="local|*.local|169.254/16|*.169.254/16"/>
        <property name="gopherProxySet" value="false"/>
        <property name="http.nonProxyHosts" value="local|*.local|169.254/16|*.169.254/16"/>
        <property name="java.awt.graphicsenv" value="sun.awt.CGraphicsEnvironment"/>
        <property name="java.awt.printerjob" value="sun.lwawt.macosx.CPrinterJob"/>
        <property name="java.class.path" value=""/>
        <property name="java.class.version" value="52.0"/>
        <property name="java.endorsed.dirs" value="/Users/jev/bin/jdk/jre/lib/endorsed"/>
        <property name="java.ext.dirs" value="/Users/jev/Library/Java/Extensions:/Users/jev/bin/jdk/jre/lib/ext:/Library/Java/Extensions:/Network/Library/Java/Extensions:/System/Library/Java/Extensions:/usr/lib/java"/>
        <property name="java.home" value="/Users/jev/bin/jdk/jre"/>
        <property name="java.io.tmpdir" value="/var/folders/8b/7rl46xws6j9_ch6vy_qhdw_m0000gn/T/"/>
        <property name="java.library.path" value="/Users/jev/Library/Java/Extensions:/Library/Java/Extensions:/Network/Library/Java/Extensions:/System/Library/Java/Extensions:/usr/lib/java:."/>
        <property name="java.runtime.name" value="Java(TM) SE Runtime Environment"/>
        <property name="java.runtime.version" value="1.8.0_111-b14"/>
        <property name="java.specification.name" value="Java Platform API Specification"/>
        <property name="java.specification.vendor" value="Oracle Corporation"/>
        <property name="java.specification.version" value="1.8"/>
        <property name="java.vendor" value="Oracle Corporation"/>
        <property name="java.vendor.url" value="http://java.oracle.com/"/>
        <property name="java.vendor.url.bug" value="http://bugreport.sun.com/bugreport/"/>
        <property name="java.version" value="1.8.0_111"/>
        <property name="java.vm.info" value="mixed mode"/>
        <property name="java.vm.name" value="Java HotSpot(TM) 64-Bit Server VM"/>
        <property name="java.vm.specification.name" value="Java Virtual Machine Specification"/>
        <property name="java.vm.specification.vendor" value="Oracle Corporation"/>
        <property name="java.vm.specification.version" value="1.8"/>
        <property name="java.vm.vendor" value="Oracle Corporation"/>
        <property name="java.vm.version" value="25.111-b14"/>
        <property name="line.separator" value="&#10;"/>
        <property name="os.arch" value="x86_64"/>
        <property name="os.name" value="Mac OS X"/>
        <property name="os.version" value="10.13.6"/>
        <property name="path.separator" value=":"/>
        <property name="socksNonProxyHosts" value="local|*.local|169.254/16|*.169.254/16"/>
        <property name="sun.arch.data.model" value="64"/>
        <property name="sun.boot.class.path" value="/Users/jev/bin/jdk/jre/lib/resources.jar:/Users/jev/bin/jdk/jre/lib/rt.jar:/Users/jev/bin/jdk/jre/lib/sunrsasign.jar:/Users/jev/bin/jdk/jre/lib/jsse.jar:/Users/jev/bin/jdk/jre/lib/jce.jar:/Users/jev/bin/jdk/jre/lib/charsets.jar:/Users/jev/bin/jdk/jre/lib/jfr.jar:/Users/jev/bin/jdk/jre/classes"/>
        <property name="sun.boot.library.path" value="/Users/jev/bin/jdk/jre/lib"/>
        <property name="sun.cpu.endian" value="little"/>
        <property name="sun.cpu.isalist" value=""/>
        <property name="sun.io.unicode.encoding" value="UnicodeBig"/>
        <property name="sun.java.command" value="org.netbeans.modules.java.j2seplatform.wizard.SDKProbe /var/folders/8b/7rl46xws6j9_ch6vy_qhdw_m0000gn/T/nb-platformdetect5622992030397597801properties"/>
        <property name="sun.java.launcher" value="SUN_STANDARD"/>
        <property name="sun.jnu.encoding" value="UTF-8"/>
        <property name="sun.management.compiler" value="HotSpot 64-Bit Tiered Compilers"/>
        <property name="sun.os.patch.level" value="unknown"/>
        <property name="user.country" value="US"/>
        <property name="user.country.format" value="ZA"/>
        <property name="user.dir" value=""/>
        <property name="user.home" value="/Users/jev"/>
        <property name="user.language" value="en"/>
        <property name="user.name" value="jev"/>
        <property name="user.timezone" value="Africa/Johannesburg"/>
    </sysproperties>
</platform>
